file_name	mask_percent
DSC_0385.JPG	10.467529296875
DSC_0095-CHT1.JPG	13.56964111328125
DSC_0391.JPG	20.66192626953125
DSC_1058.JPG	5.81512451171875
DSC_0346.JPG	26.45721435546875
DSC_0420.JPG	20.82061767578125
DSC_0434.JPG	8.33892822265625
DSC_1064.JPG	16.58782958984375
DSC_0408.JPG	11.03668212890625
DSC_0237-KANT5.JPG	5.3680419921875
DSC_1070.JPG	9.45587158203125
DSC_0248-MAP2.JPG	5.035400390625
DSC_1299.JPG	0.9796142578125
DSC_0187.JPG	8.935546875
DSC_0193.JPG	4.68292236328125
DSC_0216-KANT4.JPG	2.98919677734375
DSC_0302-MAP1.JPG	2.288818359375
DSC_0303-MAP1.JPG	1.739501953125
DSC_0622.JPG	14.51263427734375
DSC_0636.JPG	2.84881591796875
DSC_0298-MAP1.JPG	4.1229248046875
DSC_1266.JPG	3.668212890625
DSC_1272.JPG	1.983642578125
DSC_0795.JPG	22.7203369140625
DSC_0959.JPG	10.46295166015625
DSC_0971.JPG	7.623291015625
DSC_0965.JPG	16.08734130859375
DSC_0313-HET2.JPG	68.1671142578125
DSC_0756.JPG	3.77349853515625
DSC_0243-MAP1.JPG	7.04498291015625
DSC_0254-KANT6.JPG	4.42352294921875
DSC_0742.JPG	3.58428955078125
DSC_0242-MAP1.JPG	3.3935546875
DSC_1312.JPG	2.8961181640625
DSC_1306.JPG	1.73492431640625
DSC_0597.JPG	7.11669921875
DSC_0583.JPG	3.6407470703125
DSC_0232.JPG	9.7869873046875
DSC_0554.JPG	6.70166015625
DSC_0540.JPG	7.03887939453125
DSC_0226.JPG	14.95361328125
DSC_1138.JPG	4.58831787109375
DSC_0500-HET5.JPG	4.67376708984375
DSC_1110.JPG	7.708740234375
DSC_0568.JPG	2.4261474609375
DSC_1104.JPG	6.16455078125
DSC_1105.JPG	2.51922607421875
DSC_1111.JPG	4.65850830078125
DSC_0569.JPG	11.92779541015625
DSC_0541.JPG	7.41119384765625
DSC_0258-CV1-TRAMPA.JPG	44.677734375
DSC_1139.JPG	8.2183837890625
DSC_0227.JPG	11.2274169921875
DSC_0233.JPG	10.369873046875
DSC_0555.JPG	2.16827392578125
DSC_0582.JPG	5.57861328125
DSC_0596.JPG	3.6895751953125
DSC_1307.JPG	2.65350341796875
DSC_1313.JPG	31.1737060546875
DSC_0277-CHT6.JPG	4.79736328125
DSC_0743.JPG	5.90667724609375
DSC_0276-CHT6.JPG	6.50787353515625
DSC_0757.JPG	4.3182373046875
DSC_0964.JPG	12.82501220703125
DSC_0970.JPG	10.723876953125
DSC_0958.JPG	12.3199462890625
DSC_0277-MAP2.JPG	22.7142333984375
DSC_0794.JPG	23.626708984375
DSC_1273.JPG	2.23388671875
DSC_1267.JPG	2.28424072265625
DSC_0637.JPG	6.9427490234375
DSC_0623.JPG	5.718994140625
DSC_0192.JPG	5.60150146484375
DSC_0186.JPG	9.7747802734375
DSC_1298.JPG	1.74407958984375
DSC_0409.JPG	11.58905029296875
DSC_1071.JPG	3.5919189453125
DSC_1065.JPG	9.79156494140625
DSC_0435.JPG	7.32574462890625
DSC_0347.JPG	25.81024169921875
DSC_1059.JPG	22.6165771484375
DSC_0421.JPG	16.63970947265625
DSC_0468-HET3.JPG	5.50994873046875
DSC_0469-HET3.JPG	2.6580810546875
DSC_0390.JPG	19.59991455078125
DSC_0032-KANT2.JPG	8.96453857421875
DSC_0384.JPG	11.279296875
DSC_0392.JPG	16.925048828125
DSC_0386.JPG	3.9215087890625
DSC_1098.JPG	6.27288818359375
DSC_0340-MAP1.JPG	1.251220703125
DSC_0351.JPG	26.4495849609375
DSC_0437.JPG	4.2724609375
DSC_0423.JPG	11.0931396484375
DSC_0345.JPG	32.91015625
DSC_1073.JPG	4.840087890625
DSC_1067.JPG	7.4493408203125
DSC_0379.JPG	8.1390380859375
DSC_0190.JPG	8.03070068359375
DSC_0184.JPG	10.81085205078125
DSC_0045-KANT3.JPG	9.9334716796875
DSC_0635.JPG	3.47442626953125
DSC_1259.JPG	4.08935546875
DSC_0621.JPG	17.01812744140625
DSC_0609.JPG	4.75921630859375
DSC_0013-KANT1.JPG	3.7109375
DSC_1271.JPG	1.33209228515625
DSC_0322-KATP3.JPG	3.34625244140625
DSC_1265.JPG	4.63714599609375
DSC_0226-KATP1.JPG	3.021240234375
DSC_0007-KANT1.JPG	2.8839111328125
DSC_0796.JPG	15.2252197265625
DSC_0292-MAP1.JPG	5.93719482421875
DSC_0293-MAP1.JPG	6.34002685546875
DSC_0259-KANT6.JPG	3.546142578125
DSC_0972.JPG	8.87451171875
DSC_0741.JPG	3.17535400390625
DSC_0999.JPG	8.3160400390625
DSC_0242-MAP2.JPG	3.9642333984375
DSC_0243-MAP2.JPG	4.461669921875
DSC_0755.JPG	4.46319580078125
DSC_1305.JPG	1.422119140625
DSC_0309-MAP1.JPG	3.3843994140625
DSC_1311.JPG	1.39617919921875
DSC_0580.JPG	8.02764892578125
DSC_0594.JPG	3.14178466796875
DSC_0225.JPG	3.42254638671875
DSC_0543.JPG	6.69097900390625
DSC_0557.JPG	4.68292236328125
DSC_0231.JPG	11.8133544921875
DSC_0219.JPG	3.7200927734375
DSC_1107.JPG	8.013916015625
DSC_1113.JPG	4.99114990234375
DSC_1112.JPG	5.24139404296875
DSC_1106.JPG	3.49273681640625
DSC_0317-KATP3.JPG	20.5108642578125
DSC_0218.JPG	3.77655029296875
DSC_0556.JPG	2.081298828125
DSC_0230.JPG	13.61541748046875
DSC_0224.JPG	3.8787841796875
DSC_0542.JPG	8.24432373046875
DSC_0298-KATP3.JPG	37.2772216796875
DSC_0235-MAP2.JPG	22.064208984375
DSC_0234-MAP2.JPG	15.39764404296875
DSC_0595.JPG	3.87725830078125
DSC_0581.JPG	6.51702880859375
DSC_1310.JPG	0.69427490234375
DSC_1304.JPG	1.91802978515625
DSC_0754.JPG	5.2764892578125
DSC_0998.JPG	23.785400390625
DSC_0740.JPG	5.75714111328125
DSC_0973.JPG	8.3526611328125
DSC_0967.JPG	13.90838623046875
DSC_0277-MAP1.JPG	3.668212890625
DSC_0797.JPG	16.79534912109375
DSC_1264.JPG	2.7099609375
DSC_0336-MAP1.JPG	1.33056640625
DSC_0608.JPG	7.5592041015625
DSC_0337-MAP1.JPG	1.812744140625
DSC_1270.JPG	1.33056640625
DSC_1258.JPG	2.8656005859375
DSC_0620.JPG	3.56903076171875
DSC_0634.JPG	9.99298095703125
DSC_0178-CHT2.JPG	19.03228759765625
DSC_0048-CV2-TRAMPA.JPG	54.9224853515625
DSC_0179-CHT2.JPG	30.21240234375
DSC_0185.JPG	10.394287109375
DSC_0191.JPG	8.87298583984375
DSC_0378.JPG	9.77630615234375
DSC_1066.JPG	10.38665771484375
DSC_1072.JPG	3.8726806640625
DSC_0422.JPG	11.44561767578125
DSC_0344.JPG	39.18914794921875
DSC_0350.JPG	36.7828369140625
DSC_0436.JPG	6.903076171875
DSC_0183-KANT4.JPG	5.55419921875
DSC_1099.JPG	8.92486572265625
DSC_0387.JPG	5.31158447265625
DSC_0393.JPG	17.547607421875
DSC_0397.JPG	10.93597412109375
DSC_1089.JPG	16.73583984375
DSC_0383.JPG	8.3648681640625
DSC_1076.JPG	5.50079345703125
DSC_0368.JPG	4.24957275390625
DSC_1062.JPG	24.64447021484375
DSC_0432.JPG	12.43896484375
DSC_0354.JPG	31.2713623046875
DSC_0340.JPG	5.291748046875
DSC_0426.JPG	22.16796875
DSC_0803.JPG	13.85345458984375
DSC_0195.JPG	0.9521484375
DSC_1274.JPG	1.83563232421875
DSC_0618.JPG	5.21240234375
DSC_1260.JPG	3.7078857421875
DSC_1248.JPG	4.09393310546875
DSC_0254-MAP1.JPG	8.5662841796875
DSC_0630.JPG	4.94384765625
DSC_0180-CHT2.JPG	13.5498046875
DSC_0624.JPG	5.6915283203125
DSC_0255-MAP1.JPG	8.80126953125
DSC_0963.JPG	9.73052978515625
DSC_0314-MAP1.JPG	1.51519775390625
DSC_0977.JPG	5.3863525390625
DSC_0787.JPG	31.13250732421875
DSC_0793.JPG	17.84210205078125
DSC_1300.JPG	1.63421630859375
DSC_1314.JPG	22.4029541015625
DSC_0744.JPG	6.24847412109375
DSC_0750.JPG	4.78515625
DSC_0988.JPG	5.78460693359375
DSC_0585.JPG	2.38037109375
DSC_0591.JPG	4.345703125
DSC_1102.JPG	4.47845458984375
DSC_0208.JPG	9.06219482421875
DSC_1116.JPG	3.86505126953125
DSC_0546.JPG	7.39593505859375
DSC_0220.JPG	1.788330078125
DSC_0234.JPG	6.87255859375
DSC_0552.JPG	6.48956298828125
DSC_0235.JPG	6.365966796875
DSC_0553.JPG	5.999755859375
DSC_0547.JPG	10.10894775390625
DSC_0221.JPG	1.995849609375
DSC_0234-CHT3.JPG	7.89337158203125
DSC_1117.JPG	3.50799560546875
DSC_0209.JPG	9.82666015625
DSC_0210-KANT4.JPG	4.50286865234375
DSC_0235-CHT3.JPG	9.09423828125
DSC_1103.JPG	4.7821044921875
DSC_0018-KANT1.JPG	4.0435791015625
DSC_0590.JPG	4.44488525390625
DSC_0584.JPG	4.55322265625
DSC_0989.JPG	3.76129150390625
DSC_0751.JPG	6.4056396484375
DSC_0745.JPG	4.9591064453125
DSC_1315.JPG	36.21063232421875
DSC_1301.JPG	2.4322509765625
DSC_0792.JPG	17.74139404296875
DSC_0786.JPG	26.3427734375
DSC_0231-KANT5.JPG	5.95703125
DSC_0976.JPG	5.279541015625
DSC_0962.JPG	12.70294189453125
DSC_0625.JPG	2.96783447265625
DSC_1249.JPG	10.1287841796875
DSC_0631.JPG	4.913330078125
DSC_0225-KANT5.JPG	8.50982666015625
DSC_0619.JPG	3.8604736328125
DSC_1261.JPG	3.81317138671875
DSC_1275.JPG	1.60064697265625
DSC_0278-CV2-TRAMPA.JPG	32.50732421875
DSC_0194.JPG	0.74310302734375
DSC_0802.JPG	13.41552734375
DSC_0341.JPG	5.7586669921875
DSC_0427.JPG	17.19512939453125
DSC_0433.JPG	10.53314208984375
DSC_0355.JPG	28.44390869140625
DSC_0077-HET6.JPG	2.3162841796875
DSC_1063.JPG	16.31622314453125
DSC_0076-HET6.JPG	2.972412109375
DSC_0369.JPG	4.56695556640625
DSC_1077.JPG	5.48095703125
DSC_0382.JPG	10.48583984375
DSC_0204-KANT4.JPG	4.01763916015625
DSC_1088.JPG	15.4876708984375
DSC_0396.JPG	10.53924560546875
DSC_0252-KANT6.JPG	8.28704833984375
DSC_0216-CHT5.JPG	11.0809326171875
DSC_0113-CHT1.JPG	10.92071533203125
DSC_0380.JPG	9.10186767578125
DSC_0112-CHT1.JPG	6.70623779296875
DSC_0394.JPG	10.87799072265625
DSC_0419.JPG	19.59228515625
DSC_1061.JPG	25.15716552734375
DSC_1075.JPG	5.36041259765625
DSC_0425.JPG	3.90167236328125
DSC_0343.JPG	32.66448974609375
DSC_1049.JPG	13.86871337890625
DSC_0088-CHT1.JPG	3.0609130859375
DSC_0357.JPG	22.607421875
DSC_0431.JPG	8.37860107421875
DSC_0285-MAP1.JPG	2.8411865234375
DSC_0800.JPG	20.81451416015625
DSC_0191-KANT4.JPG	11.5478515625
DSC_1288.JPG	2.33306884765625
DSC_0196.JPG	5.07965087890625
DSC_0311-KATP3.JPG	9.033203125
DSC_1263.JPG	2.11181640625
DSC_0169.JPG	11.9110107421875
DSC_1277.JPG	11.676025390625
DSC_0255-MAP2.JPG	2.87933349609375
DSC_0627.JPG	4.82635498046875
DSC_0254-MAP2.JPG	2.04010009765625
DSC_0633.JPG	9.38262939453125
DSC_0974.JPG	7.6995849609375
DSC_0960.JPG	11.60125732421875
DSC_0948.JPG	1.4495849609375
DSC_0784.JPG	33.45794677734375
DSC_0039-KANT2.JPG	4.6600341796875
DSC_0215-KATP1.JPG	11.5081787109375
DSC_1317.JPG	29.22821044921875
DSC_0305-KATP3.JPG	3.66058349609375
DSC_1303.JPG	1.708984375
DSC_0185-KANT4.JPG	8.10394287109375
DSC_0753.JPG	4.84161376953125
DSC_0747.JPG	6.3873291015625
DSC_0592.JPG	4.78515625
DSC_0356-MAP1.JPG	3.32489013671875
DSC_0586.JPG	2.313232421875
DSC_0357-MAP1.JPG	3.057861328125
DSC_1115.JPG	4.3731689453125
DSC_1101.JPG	4.42352294921875
DSC_0579.JPG	9.08203125
DSC_0551.JPG	6.20880126953125
DSC_0237.JPG	6.30645751953125
DSC_1129.JPG	2.92816162109375
DSC_0223.JPG	7.012939453125
DSC_0545.JPG	7.97882080078125
DSC_0119-CHT2.JPG	7.867431640625
DSC_0246-KANT5.JPG	1.72576904296875
DSC_0222.JPG	7.40203857421875
DSC_0544.JPG	9.13543701171875
DSC_0550.JPG	7.2906494140625
DSC_1128.JPG	2.96478271484375
DSC_0236.JPG	4.61273193359375
DSC_1100.JPG	8.36944580078125
DSC_0578.JPG	4.779052734375
DSC_1114.JPG	5.0750732421875
DSC_0239-KATP2.JPG	6.5185546875
DSC_0015-KANT1.JPG	4.5257568359375
DSC_0587.JPG	18.52569580078125
DSC_0593.JPG	3.02581787109375
DSC_0043-KANT3.JPG	13.16680908203125
DSC_0746.JPG	4.30908203125
DSC_0752.JPG	5.42144775390625
DSC_0321-MAP1.JPG	13.6474609375
DSC_1302.JPG	1.910400390625
DSC_0320-MAP1.JPG	1.61895751953125
DSC_1316.JPG	18.1396484375
DSC_0785.JPG	33.71124267578125
DSC_0949.JPG	1.6632080078125
DSC_0961.JPG	9.77325439453125
DSC_0975.JPG	4.74090576171875
DSC_0632.JPG	5.43212890625
DSC_0626.JPG	3.6163330078125
DSC_1276.JPG	1.5350341796875
DSC_0168.JPG	12.56256103515625
DSC_1262.JPG	4.34417724609375
DSC_0260-MAP1.JPG	8.514404296875
DSC_0197.JPG	6.88934326171875
DSC_1289.JPG	2.9693603515625
DSC_0228-KANT5.JPG	10.5926513671875
DSC_0261-MAP1.JPG	5.438232421875
DSC_0801.JPG	20.31707763671875
DSC_0356.JPG	29.5989990234375
DSC_1048.JPG	13.4002685546875
DSC_0430.JPG	8.544921875
DSC_0424.JPG	3.7322998046875
DSC_0342.JPG	32.2723388671875
DSC_0475-HET3.JPG	2.39105224609375
DSC_1074.JPG	4.54864501953125
DSC_0220-KATP1.JPG	4.64019775390625
DSC_0418.JPG	24.578857421875
DSC_0209-KANT4.JPG	8.056640625
DSC_1060.JPG	18.16558837890625
DSC_0395.JPG	10.4705810546875
DSC_0381.JPG	7.025146484375
DSC_0441-HET1.JPG	26.05743408203125
DSC_0480.JPG	7.5164794921875
DSC_0494.JPG	23.1719970703125
DSC_0203-KANT4.JPG	3.3050537109375
DSC_0443.JPG	15.04058837890625
DSC_0325.JPG	7.7423095703125
DSC_0331.JPG	6.44378662109375
DSC_0457.JPG	13.0096435546875
DSC_0255-KANT6.JPG	4.39453125
DSC_1007.JPG	7.318115234375
DSC_0319.JPG	10.62774658203125
DSC_0253-MAP1.JPG	7.44171142578125
DSC_1013.JPG	5.13458251953125
DSC_0682.JPG	3.0426025390625
DSC_0696.JPG	23.5687255859375
DSC_0866.JPG	5.78155517578125
DSC_0872.JPG	5.04608154296875
DSC_1239.JPG	4.60968017578125
DSC_0899.JPG	3.3966064453125
DSC_0641.JPG	4.82330322265625
DSC_0655.JPG	3.73992919921875
DSC_1205.JPG	4.18548583984375
DSC_0511-HET5.JPG	1.8646240234375
DSC_0669.JPG	3.81927490234375
DSC_0510-HET5.JPG	4.8980712890625
DSC_1211.JPG	1.4556884765625
DSC_0912.JPG	3.6376953125
DSC_0906.JPG	2.7252197265625
DSC_0735.JPG	6.57501220703125
DSC_0236-KANT5.JPG	5.7861328125
DSC_0721.JPG	6.70013427734375
DSC_0709.JPG	6.64215087890625
DSC_0312-MAP1.JPG	20.0408935546875
DSC_0292.JPG	5.19256591796875
DSC_1198.JPG	2.5177001953125
DSC_0286.JPG	7.06634521484375
DSC_0258-MAP2.JPG	2.79693603515625
DSC_0259-MAP2.JPG	2.45361328125
DSC_0217-KANT4.JPG	4.13665771484375
DSC_0537.JPG	6.573486328125
DSC_0251.JPG	8.4014892578125
DSC_0245.JPG	3.90167236328125
DSC_0523.JPG	24.66888427734375
DSC_1173.JPG	2.64739990234375
DSC_0279.JPG	5.291748046875
DSC_1167.JPG	1.96533203125
DSC_1166.JPG	2.685546875
DSC_0278.JPG	6.56585693359375
DSC_1172.JPG	2.203369140625
DSC_0244.JPG	3.35235595703125
DSC_0522.JPG	40.838623046875
DSC_0536.JPG	6.99005126953125
DSC_0250.JPG	6.3873291015625
DSC_0287.JPG	7.35015869140625
DSC_1199.JPG	9.62371826171875
DSC_0293.JPG	5.584716796875
DSC_0260-KANT6.JPG	1.629638671875
DSC_0365-MAP1.JPG	2.70538330078125
DSC_0364-MAP1.JPG	2.40936279296875
DSC_0708.JPG	9.1064453125
DSC_0720.JPG	7.11212158203125
DSC_0232-CHT3.JPG	11.1785888671875
DSC_0734.JPG	10.65673828125
DSC_0907.JPG	3.81317138671875
DSC_0033-KANT2.JPG	6.878662109375
DSC_0913.JPG	2.4383544921875
DSC_0478-HET3.JPG	10.40191650390625
DSC_0668.JPG	4.82940673828125
DSC_1210.JPG	3.59039306640625
DSC_1204.JPG	7.11669921875
DSC_0654.JPG	4.437255859375
DSC_0070-HET6.JPG	12.50762939453125
DSC_1238.JPG	5.4962158203125
DSC_0071-HET6.JPG	6.64215087890625
DSC_0027-KANT2.JPG	7.42034912109375
DSC_0640.JPG	4.78057861328125
DSC_0898.JPG	3.546142578125
DSC_0873.JPG	4.23583984375
DSC_0867.JPG	5.615234375
DSC_0222-KANT4.JPG	2.0233154296875
DSC_0294-KATP3.JPG	5.93109130859375
DSC_0697.JPG	7.02362060546875
DSC_0683.JPG	2.8900146484375
DSC_1012.JPG	5.1666259765625
DSC_0318.JPG	13.1317138671875
DSC_1006.JPG	6.8878173828125
DSC_0330.JPG	6.7047119140625
DSC_0456.JPG	10.38055419921875
DSC_0442.JPG	15.23895263671875
DSC_0324.JPG	8.66851806640625
DSC_0267-MAP2.JPG	1.57928466796875
DSC_0495.JPG	17.44384765625
DSC_0481.JPG	8.53118896484375
DSC_0497.JPG	17.71697998046875
DSC_0483.JPG	5.0537109375
DSC_0227-KATP1.JPG	2.9937744140625
DSC_0006-KANT1.JPG	6.15997314453125
DSC_0454.JPG	18.463134765625
DSC_0332.JPG	5.38482666015625
DSC_1038.JPG	16.69158935546875
DSC_0326.JPG	6.38275146484375
DSC_0319-MAP1.JPG	2.020263671875
DSC_0440.JPG	28.44085693359375
DSC_0252-MAP2.JPG	3.2684326171875
DSC_0468.JPG	14.63623046875
DSC_1010.JPG	4.0191650390625
DSC_1004.JPG	6.77490234375
DSC_0253-MAP2.JPG	2.85797119140625
DSC_0695.JPG	21.87652587890625
DSC_0681.JPG	3.955078125
DSC_0871.JPG	4.58831787109375
DSC_0865.JPG	5.9234619140625
DSC_0656.JPG	3.74603271484375
DSC_0642.JPG	5.2825927734375
DSC_1212.JPG	1.82342529296875
DSC_1206.JPG	5.50689697265625
DSC_0939.JPG	3.25164794921875
DSC_0905.JPG	3.47900390625
DSC_0351-MAP1.JPG	3.26690673828125
DSC_0911.JPG	4.107666015625
DSC_0350-MAP1.JPG	3.33404541015625
DSC_0722.JPG	6.6680908203125
DSC_0736.JPG	7.42034912109375
DSC_0285.JPG	4.42657470703125
DSC_0291.JPG	5.3863525390625
DSC_0258-MAP1.JPG	7.171630859375
DSC_0520.JPG	42.06390380859375
DSC_0246.JPG	4.833984375
DSC_0012-KANT1.JPG	4.78973388671875
DSC_1158.JPG	2.6519775390625
DSC_0252.JPG	5.4412841796875
DSC_0534.JPG	6.21795654296875
DSC_1164.JPG	2.197265625
DSC_0001-CV1-TRAMPA.JPG	16.75567626953125
DSC_1170.JPG	3.1341552734375
DSC_0508.JPG	13.4246826171875
DSC_1171.JPG	2.07672119140625
DSC_0509.JPG	9.4390869140625
DSC_1165.JPG	2.64739990234375
DSC_0326-MAP1.JPG	3.289794921875
DSC_0253.JPG	6.036376953125
DSC_0535.JPG	6.9427490234375
DSC_0521.JPG	28.97796630859375
DSC_1159.JPG	3.5858154296875
DSC_0247.JPG	5.3802490234375
DSC_0290.JPG	5.5419921875
DSC_0284.JPG	3.118896484375
DSC_0737.JPG	3.45458984375
DSC_0723.JPG	5.57861328125
DSC_0910.JPG	5.37109375
DSC_0302-KATP3.JPG	5.120849609375
DSC_0904.JPG	3.5186767578125
DSC_0182-KANT4.JPG	5.66864013671875
DSC_0938.JPG	5.3375244140625
DSC_0121-CHT2.JPG	28.73077392578125
DSC_1207.JPG	3.0609130859375
DSC_1213.JPG	0.9368896484375
DSC_0120-CHT2.JPG	7.415771484375
DSC_0299-KATP3.JPG	14.4744873046875
DSC_0196-KANT4.JPG	6.427001953125
DSC_0643.JPG	5.352783203125
DSC_0472-HET3.JPG	6.86187744140625
DSC_0473-HET3.JPG	1.24969482421875
DSC_0316-KATP3.JPG	1.6357421875
DSC_0657.JPG	3.48358154296875
DSC_0864.JPG	7.0892333984375
DSC_0870.JPG	6.00128173828125
DSC_0680.JPG	3.86199951171875
DSC_0446-HET1.JPG	12.21923828125
DSC_0694.JPG	28.955078125
DSC_0447-HET1.JPG	22.674560546875
DSC_1005.JPG	5.889892578125
DSC_0469.JPG	15.185546875
DSC_1011.JPG	5.6549072265625
DSC_0327.JPG	7.18841552734375
DSC_1039.JPG	13.02642822265625
DSC_0441.JPG	18.1060791015625
DSC_0455.JPG	17.156982421875
DSC_0333.JPG	5.42144775390625
DSC_0267-MAP1.JPG	4.06646728515625
DSC_0482.JPG	4.52423095703125
DSC_0496.JPG	20.59478759765625
DSC_0309-KATP3.JPG	33.87451171875
DSC_0219-KATP1.JPG	4.425048828125
DSC_0305-MAP1.JPG	2.71759033203125
DSC_0492.JPG	19.31304931640625
DSC_0189-KANT4.JPG	14.56756591796875
DSC_0486.JPG	23.1353759765625
DSC_0304-MAP1.JPG	4.16412353515625
DSC_1015.JPG	4.9560546875
DSC_1001.JPG	5.85479736328125
DSC_1029.JPG	14.63470458984375
DSC_0337.JPG	9.80377197265625
DSC_0451.JPG	17.5750732421875
DSC_0445.JPG	3.94134521484375
DSC_0323.JPG	8.72955322265625
DSC_0874.JPG	3.59344482421875
DSC_0860.JPG	15.00701904296875
DSC_0690.JPG	28.2928466796875
DSC_0684.JPG	3.58428955078125
DSC_1217.JPG	0.8056640625
DSC_1203.JPG	3.9398193359375
DSC_0653.JPG	3.9215087890625
DSC_0900.JPG	3.3782958984375
DSC_0914.JPG	9.0972900390625
DSC_0928.JPG	1.861572265625
DSC_0506-HET5.JPG	1.67083740234375
DSC_0507-HET5.JPG	0.62408447265625
DSC_0727.JPG	7.72552490234375
DSC_0733.JPG	10.089111328125
DSC_0280.JPG	4.43115234375
DSC_0294.JPG	3.63311767578125
DSC_1161.JPG	2.33306884765625
DSC_0292-KATP3.JPG	15.33660888671875
DSC_0244-MAP1.JPG	7.29217529296875
DSC_0519.JPG	15.39764404296875
DSC_1175.JPG	1.9317626953125
DSC_0243.JPG	8.81195068359375
DSC_0525.JPG	12.10784912109375
DSC_0531.JPG	6.0821533203125
DSC_0257.JPG	1.361083984375
DSC_1149.JPG	2.68402099609375
DSC_0530.JPG	6.0394287109375
DSC_1148.JPG	3.2012939453125
DSC_0256.JPG	1.18560791015625
DSC_0242.JPG	9.77325439453125
DSC_0524.JPG	11.43951416015625
DSC_1174.JPG	2.00347900390625
DSC_1160.JPG	2.82745361328125
DSC_0518.JPG	26.422119140625
DSC_0295.JPG	4.14886474609375
DSC_0281.JPG	3.3905029296875
DSC_0271-MAP2.JPG	2.67791748046875
DSC_0067-HET6.JPG	11.407470703125
DSC_0732.JPG	2.74810791015625
DSC_0066-HET6.JPG	6.9732666015625
DSC_0726.JPG	5.2215576171875
DSC_0450-HET2.JPG	11.28387451171875
DSC_0253-KANT6.JPG	4.962158203125
DSC_0929.JPG	2.39715576171875
DSC_0915.JPG	7.23419189453125
DSC_0205-KANT4.JPG	4.2022705078125
DSC_0901.JPG	3.35845947265625
DSC_0646.JPG	4.60662841796875
DSC_0238-MAP2.JPG	12.05902099609375
DSC_0652.JPG	4.736328125
DSC_0211-KANT4.JPG	4.4525146484375
DSC_0019-KANT1.JPG	5.255126953125
DSC_0239-MAP2.JPG	8.1756591796875
DSC_1202.JPG	9.13238525390625
DSC_1216.JPG	2.38494873046875
DSC_0685.JPG	5.8837890625
DSC_0691.JPG	37.09564208984375
DSC_0861.JPG	14.959716796875
DSC_0875.JPG	1.8951416015625
DSC_0444.JPG	3.98101806640625
DSC_0322.JPG	10.19134521484375
DSC_0336.JPG	10.50262451171875
DSC_1028.JPG	11.91558837890625
DSC_0450.JPG	15.2801513671875
DSC_1000.JPG	11.20452880859375
DSC_1014.JPG	5.12542724609375
DSC_0487.JPG	21.26007080078125
DSC_0493.JPG	20.037841796875
DSC_0230-KANT5.JPG	3.89251708984375
DSC_0038-KANT2.JPG	7.0220947265625
DSC_0485.JPG	22.52960205078125
DSC_0491.JPG	20.58563232421875
DSC_1002.JPG	5.816650390625
DSC_0184-KANT4.JPG	8.26873779296875
DSC_1016.JPG	4.76226806640625
DSC_0308.JPG	8.03070068359375
DSC_0320.JPG	11.8896484375
DSC_0304-KATP3.JPG	6.34613037109375
DSC_0214-KATP1.JPG	9.62677001953125
DSC_0446.JPG	21.87347412109375
DSC_0452.JPG	10.4644775390625
DSC_0334.JPG	3.06549072265625
DSC_0863.JPG	5.0018310546875
DSC_0346-MAP1.JPG	5.462646484375
DSC_0877.JPG	2.35748291015625
DSC_0687.JPG	27.68402099609375
DSC_0693.JPG	28.04412841796875
DSC_0678.JPG	3.0792236328125
DSC_1200.JPG	10.1318359375
DSC_1214.JPG	0.32806396484375
DSC_0497-HET5.JPG	15.79437255859375
DSC_0644.JPG	6.36749267578125
DSC_1228.JPG	2.64892578125
DSC_0888.JPG	4.50286865234375
DSC_0650.JPG	4.0618896484375
DSC_0917.JPG	3.0242919921875
DSC_0903.JPG	3.497314453125
DSC_0480-HET3.JPG	3.497314453125
DSC_0718.JPG	6.41632080078125
DSC_0481-HET3.JPG	1.6754150390625
DSC_0730.JPG	5.09796142578125
DSC_0724.JPG	5.267333984375
DSC_0310-KATP3.JPG	5.499267578125
DSC_0295-MAP1.JPG	2.44903564453125
DSC_1189.JPG	23.12774658203125
DSC_0297.JPG	3.75823974609375
DSC_0190-KANT4.JPG	11.03057861328125
DSC_0283.JPG	7.89642333984375
DSC_0245-MAP2.JPG	3.41033935546875
DSC_0268.JPG	6.87408447265625
DSC_1176.JPG	2.32696533203125
DSC_0244-MAP2.JPG	6.38885498046875
DSC_1162.JPG	2.16827392578125
DSC_0254.JPG	12.9608154296875
DSC_0532.JPG	6.18896484375
DSC_0240.JPG	13.336181640625
DSC_0527.JPG	3.955078125
DSC_0241.JPG	10.07537841796875
DSC_0255.JPG	13.53912353515625
DSC_0533.JPG	5.23834228515625
DSC_1163.JPG	2.34375
DSC_1177.JPG	4.071044921875
DSC_0269.JPG	7.4859619140625
DSC_0282.JPG	7.69500732421875
DSC_0296.JPG	3.3050537109375
DSC_1188.JPG	22.97821044921875
DSC_0270-MAP1.JPG	2.734375
DSC_0271-MAP1.JPG	5.41229248046875
DSC_0221-KATP1.JPG	7.80181884765625
DSC_0725.JPG	5.99365234375
DSC_0731.JPG	2.58026123046875
DSC_0719.JPG	8.9996337890625
DSC_0233-MAP2.JPG	32.9986572265625
DSC_0902.JPG	2.8076171875
DSC_0916.JPG	2.1636962890625
DSC_1229.JPG	1.739501953125
DSC_0651.JPG	3.41644287109375
DSC_0889.JPG	5.5572509765625
DSC_0645.JPG	4.90570068359375
DSC_0238-KATP2.JPG	4.17938232421875
DSC_1215.JPG	2.56805419921875
DSC_0679.JPG	3.4515380859375
DSC_1201.JPG	8.233642578125
DSC_0042-KANT3.JPG	12.5640869140625
DSC_0692.JPG	54.071044921875
DSC_0686.JPG	4.41131591796875
DSC_0014-KANT1.JPG	6.37359619140625
DSC_0876.JPG	1.8524169921875
DSC_0862.JPG	5.46112060546875
DSC_0331-MAP1.JPG	3.86199951171875
DSC_0453.JPG	9.3017578125
DSC_0335.JPG	2.8472900390625
DSC_0321.JPG	13.568115234375
DSC_0447.JPG	16.2139892578125
DSC_0309.JPG	10.284423828125
DSC_1017.JPG	3.37677001953125
DSC_1003.JPG	6.2530517578125
DSC_0242-KATP2.JPG	3.28369140625
DSC_0490.JPG	21.6400146484375
DSC_0484.JPG	25.6378173828125
DSC_0198-KANT4.JPG	4.89501953125
DSC_0208-KATP1.JPG	30.035400390625
DSC_0221-KANT4.JPG	2.215576171875
DSC_0489.JPG	18.8232421875
DSC_0462.JPG	10.46295166015625
DSC_0304.JPG	2.9571533203125
DSC_0310.JPG	2.8472900390625
DSC_0214-CHT5.JPG	16.14532470703125
DSC_0476.JPG	11.7828369140625
DSC_0024-KANT2.JPG	4.98504638671875
DSC_1026.JPG	3.52935791015625
DSC_0338.JPG	3.85589599609375
DSC_1032.JPG	16.85028076171875
DSC_0257-MAP2.JPG	10.54840087890625
DSC_1218.JPG	0.88348388671875
DSC_0660.JPG	6.134033203125
DSC_0674.JPG	2.70233154296875
DSC_1224.JPG	4.339599609375
DSC_0884.JPG	3.167724609375
DSC_0890.JPG	6.31256103515625
DSC_0648.JPG	3.61785888671875
DSC_1230.JPG	2.60772705078125
DSC_0933.JPG	13.13629150390625
DSC_0927.JPG	2.6824951171875
DSC_0714.JPG	5.13153076171875
DSC_0700.JPG	15.899658203125
DSC_0728.JPG	8.5693359375
DSC_0030-KANT2.JPG	3.92303466796875
DSC_1191.JPG	14.752197265625
DSC_1185.JPG	21.82769775390625
DSC_0516.JPG	23.8006591796875
DSC_0270.JPG	17.58270263671875
DSC_0264.JPG	7.708740234375
DSC_0355-MAP1.JPG	4.15191650390625
DSC_1152.JPG	3.81317138671875
DSC_0258.JPG	5.01251220703125
DSC_0354-MAP1.JPG	3.11126708984375
DSC_1146.JPG	3.31878662109375
DSC_1147.JPG	3.08990478515625
DSC_0259.JPG	4.7637939453125
DSC_1153.JPG	6.8389892578125
DSC_0265.JPG	9.63592529296875
DSC_0517.JPG	22.38006591796875
DSC_0271.JPG	16.35894775390625
DSC_1184.JPG	6.524658203125
DSC_0485-HET4.JPG	2.61383056640625
DSC_1190.JPG	22.09014892578125
DSC_0449-HET2.JPG	18.7103271484375
DSC_0448-HET2.JPG	16.741943359375
DSC_0729.JPG	4.60205078125
DSC_0230-KATP2.JPG	6.3323974609375
DSC_0701.JPG	7.55462646484375
DSC_0715.JPG	7.13043212890625
DSC_0926.JPG	3.50189208984375
DSC_0268-MAP2.JPG	2.5421142578125
DSC_0214-KANT4.JPG	2.642822265625
DSC_0932.JPG	11.63787841796875
DSC_0322-MAP1.JPG	7.53173828125
DSC_0323-MAP1.JPG	4.88433837890625
DSC_0649.JPG	4.1259765625
DSC_0891.JPG	5.60455322265625
DSC_0263-MAP1.JPG	5.5938720703125
DSC_1231.JPG	1.96990966796875
DSC_1225.JPG	4.8431396484375
DSC_0885.JPG	3.56292724609375
DSC_0008-KANT1.JPG	6.19964599609375
DSC_0675.JPG	3.99169921875
DSC_1219.JPG	2.47955322265625
DSC_0661.JPG	5.4412841796875
DSC_1033.JPG	21.5423583984375
DSC_0339.JPG	5.0201416015625
DSC_1027.JPG	12.1002197265625
DSC_0311.JPG	2.77862548828125
DSC_0442-HET1.JPG	11.6943359375
DSC_0477.JPG	11.5753173828125
DSC_0463.JPG	10.93597412109375
DSC_0305.JPG	2.58331298828125
DSC_0488.JPG	22.42584228515625
DSC_0124-CHT2.JPG	14.59197998046875
DSC_0476-HET3.JPG	1.55029296875
DSC_0477-HET3.JPG	2.3712158203125
DSC_0475.JPG	4.54864501953125
DSC_0313.JPG	8.953857421875
DSC_1019.JPG	4.14886474609375
DSC_0307.JPG	3.729248046875
DSC_0461.JPG	17.529296875
DSC_0449.JPG	11.2518310546875
DSC_1031.JPG	18.45855712890625
DSC_1025.JPG	3.3447265625
DSC_0195-KANT4.JPG	2.42462158203125
DSC_0878.JPG	3.51715087890625
DSC_0257-MAP1.JPG	7.12738037109375
DSC_0688.JPG	39.2059326171875
DSC_0256-MAP1.JPG	8.93402099609375
DSC_0677.JPG	3.7506103515625
DSC_0663.JPG	3.4027099609375
DSC_1233.JPG	1.31378173828125
DSC_0893.JPG	5.2276611328125
DSC_0887.JPG	4.388427734375
DSC_1227.JPG	2.7435302734375
DSC_0918.JPG	2.7191162109375
DSC_0924.JPG	2.4169921875
DSC_0930.JPG	12.08038330078125
DSC_0703.JPG	5.76171875
DSC_0717.JPG	5.377197265625
DSC_0301-KATP3.JPG	5.77239990234375
DSC_0211-KATP1.JPG	13.7115478515625
DSC_1186.JPG	23.5809326171875
DSC_0298.JPG	2.39715576171875
DSC_1192.JPG	14.1845703125
DSC_0501.JPG	12.1246337890625
DSC_0267.JPG	6.2225341796875
DSC_1179.JPG	7.40966796875
DSC_0273.JPG	17.16156005859375
DSC_0515.JPG	23.54888916015625
DSC_1145.JPG	3.60870361328125
DSC_1151.JPG	4.02984619140625
DSC_0529.JPG	6.12640380859375
DSC_1150.JPG	2.83966064453125
DSC_0528.JPG	4.41436767578125
DSC_1144.JPG	4.34112548828125
DSC_0272.JPG	13.45367431640625
DSC_0514.JPG	30.6121826171875
DSC_0500.JPG	14.50653076171875
DSC_1178.JPG	4.20074462890625
DSC_0266.JPG	7.00225830078125
DSC_0361-MAP1.JPG	1.79595947265625
DSC_0238-KANT5.JPG	4.1656494140625
DSC_0360-MAP1.JPG	3.12347412109375
DSC_0299.JPG	1.9805908203125
DSC_1187.JPG	26.495361328125
DSC_0236-CHT3.JPG	6.4117431640625
DSC_0047-KANT3.JPG	10.9344482421875
DSC_0011-KANT1.JPG	12.31689453125
DSC_0716.JPG	7.08770751953125
DSC_0219-KANT4.JPG	2.093505859375
DSC_0702.JPG	6.170654296875
DSC_0269-MAP1.JPG	2.57415771484375
DSC_0931.JPG	11.517333984375
DSC_0268-MAP1.JPG	4.559326171875
DSC_0925.JPG	2.130126953125
DSC_0919.JPG	2.72064208984375
DSC_0886.JPG	4.64935302734375
DSC_1226.JPG	6.0089111328125
DSC_1232.JPG	2.15606689453125
DSC_0892.JPG	5.7403564453125
DSC_0229-KATP2.JPG	9.2987060546875
DSC_0328-MAP1.JPG	1.605224609375
DSC_0329-MAP1.JPG	1.42364501953125
DSC_0676.JPG	3.77044677734375
DSC_0224-KATP1.JPG	4.1656494140625
DSC_0005-KANT1.JPG	19.67010498046875
DSC_0689.JPG	28.27606201171875
DSC_0879.JPG	4.23736572265625
DSC_1024.JPG	3.16925048828125
DSC_0448.JPG	15.47393798828125
DSC_1030.JPG	14.09912109375
DSC_0306.JPG	3.17230224609375
DSC_1018.JPG	3.26080322265625
DSC_0460.JPG	14.1510009765625
DSC_0474.JPG	5.1177978515625
DSC_0312.JPG	9.6466064453125
DSC_0074-HET6.JPG	3.2196044921875
DSC_0075-HET6.JPG	1.78375244140625
DSC_0492-HET5.JPG	24.041748046875
DSC_0236-KATP2.JPG	4.04815673828125
DSC_0493-HET5.JPG	15.37322998046875
DSC_0508-HET5.JPG	3.338623046875
DSC_0342-MAP1.JPG	2.29644775390625
DSC_1034.JPG	22.6104736328125
DSC_0458.JPG	10.18218994140625
DSC_0343-MAP1.JPG	1.34735107421875
DSC_1020.JPG	3.85284423828125
DSC_1008.JPG	6.90155029296875
DSC_0470.JPG	15.0115966796875
DSC_0464.JPG	20.22247314453125
DSC_0212-KANT4.JPG	3.936767578125
DSC_0302.JPG	5.65643310546875
DSC_0233-KANT5.JPG	6.085205078125
DSC_0699.JPG	11.328125
DSC_0869.JPG	4.31365966796875
DSC_0896.JPG	4.99725341796875
DSC_1236.JPG	14.4134521484375
DSC_1222.JPG	4.42352294921875
DSC_0882.JPG	9.0789794921875
DSC_0672.JPG	3.78570556640625
DSC_0666.JPG	5.1544189453125
DSC_0921.JPG	1.5594482421875
DSC_0241-MAP2.JPG	17.53387451171875
DSC_0935.JPG	6.40106201171875
DSC_0909.JPG	5.718994140625
DSC_0706.JPG	6.646728515625
DSC_0227-KANT5.JPG	9.62066650390625
DSC_0291-MAP1.JPG	8.14361572265625
DSC_0290-MAP1.JPG	2.53143310546875
DSC_0712.JPG	8.91876220703125
DSC_1183.JPG	7.2998046875
DSC_0206-KANT4.JPG	6.3934326171875
DSC_1197.JPG	3.4423828125
DSC_0289.JPG	4.20684814453125
DSC_0250-KANT6.JPG	5.04608154296875
DSC_1140.JPG	8.038330078125
DSC_0538.JPG	5.89599609375
DSC_1154.JPG	6.7047119140625
DSC_0262.JPG	4.3487548828125
DSC_0504.JPG	21.76361083984375
DSC_0510.JPG	18.94989013671875
DSC_0276.JPG	6.0272216796875
DSC_1168.JPG	2.06756591796875
DSC_0236-MAP2.JPG	5.718994140625
DSC_0511.JPG	15.1641845703125
DSC_1169.JPG	3.1494140625
DSC_0277.JPG	8.69140625
DSC_0263.JPG	4.0435791015625
DSC_0505.JPG	19.4244384765625
DSC_0006-CV2-TRAMPA.JPG	21.4111328125
DSC_1155.JPG	5.91583251953125
DSC_1141.JPG	5.6427001953125
DSC_0539.JPG	6.6253662109375
DSC_0288.JPG	5.93414306640625
DSC_1182.JPG	3.2867431640625
DSC_0713.JPG	5.44891357421875
DSC_0707.JPG	14.28375244140625
DSC_0291-KATP3.JPG	17.1630859375
DSC_0274-MAP1.JPG	3.33404541015625
DSC_0275-MAP1.JPG	3.91998291015625
DSC_0908.JPG	6.19964599609375
DSC_0934.JPG	5.15594482421875
DSC_0920.JPG	1.46026611328125
DSC_0667.JPG	5.2001953125
DSC_0036-KANT2.JPG	14.2730712890625
DSC_0673.JPG	3.79180908203125
DSC_1223.JPG	3.1005859375
DSC_0883.JPG	7.476806640625
DSC_0897.JPG	3.46221923828125
DSC_1237.JPG	5.0567626953125
DSC_0335-MAP1.JPG	2.166748046875
DSC_0868.JPG	4.644775390625
DSC_0334-MAP1.JPG	2.08282470703125
DSC_0698.JPG	7.9864501953125
DSC_0465.JPG	23.61602783203125
DSC_0069-HET6.JPG	11.95831298828125
DSC_0303.JPG	4.73480224609375
DSC_1009.JPG	5.13153076171875
DSC_0471.JPG	18.133544921875
DSC_0068-HET6.JPG	20.33233642578125
DSC_0459.JPG	18.06640625
DSC_1021.JPG	5.0445556640625
DSC_1035.JPG	19.82574462890625
DSC_0498.JPG	16.68701171875
DSC_0017-KANT1.JPG	4.17022705078125
DSC_0249-KANT6.JPG	7.183837890625
DSC_1023.JPG	3.30047607421875
DSC_0244-KANT5.JPG	3.3203125
DSC_0097-CHT1.JPG	19.049072265625
DSC_1037.JPG	16.17431640625
DSC_0329.JPG	16.63818359375
DSC_0301.JPG	4.73785400390625
DSC_0467.JPG	14.82696533203125
DSC_0473.JPG	3.23486328125
DSC_0285-CV1-TRAMPA.JPG	20.95184326171875
DSC_0290-CV1-TRAMPA.JPG	17.94586181640625
DSC_0315.JPG	10.73760986328125
DSC_0881.JPG	5.03082275390625
DSC_0659.JPG	2.84423828125
DSC_1221.JPG	4.30145263671875
DSC_1235.JPG	13.34228515625
DSC_0895.JPG	5.29937744140625
DSC_0665.JPG	5.9600830078125
DSC_0301-MAP1.JPG	2.38494873046875
DSC_1209.JPG	3.857421875
DSC_0300-MAP1.JPG	1.79290771484375
DSC_0671.JPG	3.9581298828125
DSC_0936.JPG	7.01446533203125
DSC_0241-MAP1.JPG	3.42864990234375
DSC_0922.JPG	4.93316650390625
DSC_0739.JPG	7.80487060546875
DSC_0711.JPG	11.60888671875
DSC_0705.JPG	5.3955078125
DSC_0502-HET5.JPG	3.10821533203125
DSC_0348-MAP1.JPG	2.22015380859375
DSC_0503-HET5.JPG	5.17120361328125
DSC_1180.JPG	6.243896484375
DSC_0237-CHT4.JPG	4.85076904296875
DSC_0498-HET5.JPG	13.67645263671875
DSC_0249.JPG	6.79779052734375
DSC_1157.JPG	2.569580078125
DSC_0499-HET5.JPG	3.564453125
DSC_1143.JPG	4.29229736328125
DSC_0275.JPG	11.053466796875
DSC_0513.JPG	27.166748046875
DSC_0222-KATP1.JPG	8.0291748046875
DSC_0507.JPG	8.074951171875
DSC_0003-KANT1.JPG	8.95233154296875
DSC_0261.JPG	4.39910888671875
DSC_0506.JPG	7.81402587890625
DSC_0454-HET2.JPG	12.33978271484375
DSC_0260.JPG	4.3426513671875
DSC_0274.JPG	16.3238525390625
DSC_0512.JPG	23.82354736328125
DSC_0455-HET2.JPG	2.18658447265625
DSC_1142.JPG	6.15997314453125
DSC_1156.JPG	4.144287109375
DSC_0248.JPG	7.74078369140625
DSC_1181.JPG	3.92303466796875
DSC_0704.JPG	7.31353759765625
DSC_0710.JPG	11.02142333984375
DSC_0738.JPG	3.6468505859375
DSC_0275-MAP2.JPG	3.16162109375
DSC_0241-CHT4.JPG	9.01947021484375
DSC_0249-CV2-TRAMPA.JPG	24.2767333984375
DSC_0193-KANT4.JPG	4.69512939453125
DSC_0022-KANT1.JPG	2.19268798828125
DSC_0274-CHT6.JPG	4.9041748046875
DSC_0923.JPG	4.38385009765625
DSC_0937.JPG	6.89239501953125
DSC_0275-CHT6.JPG	6.134033203125
DSC_1208.JPG	2.9083251953125
DSC_0217-KATP1.JPG	3.680419921875
DSC_0670.JPG	4.052734375
DSC_0307-KATP3.JPG	34.04083251953125
DSC_0664.JPG	3.1646728515625
DSC_0187-KANT4.JPG	7.6751708984375
DSC_1234.JPG	2.117919921875
DSC_0894.JPG	6.2957763671875
DSC_0658.JPG	3.46832275390625
DSC_0880.JPG	5.45806884765625
DSC_1220.JPG	2.4139404296875
DSC_0472.JPG	3.6376953125
DSC_0314.JPG	10.9649658203125
DSC_0300.JPG	4.39910888671875
DSC_0466.JPG	18.1060791015625
DSC_0328.JPG	15.081787109375
DSC_1036.JPG	17.7001953125
DSC_1022.JPG	4.45098876953125
DSC_0499.JPG	14.95361328125
DSC_0398.JPG	12.3077392578125
DSC_1086.JPG	23.26812744140625
DSC_1092.JPG	19.27947998046875
DSC_1079.JPG	5.99212646484375
DSC_0367.JPG	4.1778564453125
DSC_0401.JPG	11.8988037109375
DSC_0415.JPG	16.02020263671875
DSC_0373.JPG	3.03497314453125
DSC_1045.JPG	13.11798095703125
DSC_0429.JPG	18.71795654296875
DSC_1051.JPG	10.72845458984375
DSC_0495-HET5.JPG	10.5194091796875
DSC_0494-HET5.JPG	8.13140869140625
DSC_1284.JPG	1.7181396484375
DSC_1290.JPG	3.27606201171875
DSC_0603.JPG	6.475830078125
DSC_0345-MAP1.JPG	5.792236328125
DSC_0165.JPG	15.56396484375
DSC_0171.JPG	14.862060546875
DSC_0344-MAP1.JPG	1.80816650390625
DSC_0617.JPG	5.4443359375
DSC_1247.JPG	4.0374755859375
DSC_1253.JPG	5.780029296875
DSC_0319-KATP3.JPG	5.767822265625
DSC_0220-KANT4.JPG	3.1280517578125
DSC_0978.JPG	4.97894287109375
DSC_0950.JPG	13.336181640625
DSC_0788.JPG	21.74072265625
DSC_0296-KATP3.JPG	35.31341552734375
DSC_0944.JPG	2.64892578125
DSC_0993.JPG	2.10723876953125
DSC_0987.JPG	5.22613525390625
DSC_0292-CV1-TRAMPA.JPG	40.95306396484375
DSC_0213.JPG	14.19219970703125
DSC_0575.JPG	10.44158935546875
DSC_0561.JPG	3.81622314453125
DSC_0207.JPG	7.2479248046875
DSC_1119.JPG	6.22406005859375
DSC_1131.JPG	2.6763916015625
DSC_0296-MAP1.JPG	2.9541015625
DSC_0549.JPG	8.99200439453125
DSC_1125.JPG	3.15704345703125
DSC_0297-MAP1.JPG	2.8778076171875
DSC_0009-KANT1.JPG	18.243408203125
DSC_0201-KANT4.JPG	4.522705078125
DSC_1124.JPG	3.79791259765625
DSC_1130.JPG	2.99835205078125
DSC_0548.JPG	11.25946044921875
DSC_0228-KATP1.JPG	2.01568603515625
DSC_0257-KANT6.JPG	4.79736328125
DSC_0560.JPG	5.5419921875
DSC_1118.JPG	3.22265625
DSC_0206.JPG	3.83453369140625
DSC_0272-MAP1.JPG	3.070068359375
DSC_0212.JPG	12.3046875
DSC_0574.JPG	9.814453125
DSC_0986.JPG	6.32476806640625
DSC_0992.JPG	3.03955078125
DSC_0762.JPG	4.8431396484375
DSC_0945.JPG	2.52838134765625
DSC_0789.JPG	24.54376220703125
DSC_0951.JPG	12.3382568359375
DSC_0979.JPG	5.47637939453125
DSC_1252.JPG	6.390380859375
DSC_0003-CV2-TRAMPA.JPG	41.47186279296875
DSC_0234-KANT5.JPG	3.802490234375
DSC_1246.JPG	6.23016357421875
DSC_0170.JPG	13.10882568359375
DSC_0616.JPG	5.145263671875
DSC_0602.JPG	8.84857177734375
DSC_0164.JPG	16.09649658203125
DSC_1291.JPG	2.49786376953125
DSC_1285.JPG	3.30352783203125
DSC_0270-CV1-TRAMPA.JPG	11.39068603515625
DSC_0428.JPG	25.60577392578125
DSC_0231-KATP2.JPG	8.03680419921875
DSC_1050.JPG	12.890625
DSC_1044.JPG	13.494873046875
DSC_0414.JPG	38.0218505859375
DSC_0279-CHT6.JPG	7.4371337890625
DSC_0372.JPG	2.74658203125
DSC_0366.JPG	3.4942626953125
DSC_1078.JPG	6.16302490234375
DSC_0400.JPG	10.8367919921875
DSC_0278-CHT6.JPG	8.47015380859375
DSC_1093.JPG	18.69964599609375
DSC_0332-MAP1.JPG	1.93023681640625
DSC_1087.JPG	14.776611328125
DSC_0399.JPG	13.9007568359375
DSC_0333-MAP1.JPG	1.63421630859375
DSC_0215-KANT4.JPG	3.62091064453125
DSC_1091.JPG	20.51849365234375
DSC_1085.JPG	29.63714599609375
DSC_0370.JPG	4.45404052734375
DSC_0416.JPG	35.797119140625
DSC_0402.JPG	10.35003662109375
DSC_0364.JPG	5.12847900390625
DSC_1052.JPG	13.56048583984375
DSC_0306-MAP1.JPG	5.23529052734375
DSC_1046.JPG	14.60723876953125
DSC_0358.JPG	14.4805908203125
DSC_0307-MAP1.JPG	3.58734130859375
DSC_0210-KATP1.JPG	11.6668701171875
DSC_0300-KATP3.JPG	4.547119140625
DSC_1293.JPG	2.05841064453125
DSC_1287.JPG	1.483154296875
DSC_0199.JPG	4.16259765625
DSC_0614.JPG	8.89129638671875
DSC_0172.JPG	17.767333984375
DSC_0090-CHT1.JPG	2.899169921875
DSC_0166.JPG	9.930419921875
DSC_1278.JPG	14.105224609375
DSC_0600.JPG	8.123779296875
DSC_0091-CHT1.JPG	8.52203369140625
DSC_0628.JPG	4.0069580078125
DSC_1250.JPG	8.9569091796875
DSC_1244.JPG	3.79180908203125
DSC_0081-HET6.JPG	2.6123046875
DSC_0028-KANT2.JPG	9.1583251953125
DSC_0505-HET5.JPG	1.95465087890625
DSC_0504-HET5.JPG	3.00445556640625
DSC_0947.JPG	2.07366943359375
DSC_0953.JPG	15.41900634765625
DSC_0760.JPG	2.9510498046875
DSC_0194-KANT4.JPG	3.8482666015625
DSC_0984.JPG	4.2816162109375
DSC_0748.JPG	5.615234375
DSC_0314-KATP3.JPG	2.68707275390625
DSC_0990.JPG	4.29840087890625
DSC_0247-MAP1.JPG	6.49871826171875
DSC_0246-MAP1.JPG	11.10687255859375
DSC_0589.JPG	5.20782470703125
DSC_0204.JPG	9.3231201171875
DSC_0562.JPG	3.26995849609375
DSC_0576.JPG	8.856201171875
DSC_0210.JPG	19.17572021484375
DSC_0238.JPG	10.55755615234375
DSC_1126.JPG	3.26385498046875
DSC_1132.JPG	2.58941650390625
DSC_1133.JPG	2.51617431640625
DSC_0338-MAP1.JPG	1.91497802734375
DSC_1127.JPG	3.08074951171875
DSC_0239.JPG	9.99603271484375
DSC_0339-MAP1.JPG	1.33209228515625
DSC_0577.JPG	4.8095703125
DSC_0211.JPG	19.8455810546875
DSC_0205.JPG	10.1898193359375
DSC_0563.JPG	3.4515380859375
DSC_0273-MAP2.JPG	2.557373046875
DSC_0588.JPG	19.54803466796875
DSC_0177-CHT2.JPG	19.0093994140625
DSC_0272-CHT6.JPG	11.15875244140625
DSC_0991.JPG	3.61328125
DSC_0749.JPG	5.59234619140625
DSC_0985.JPG	5.914306640625
DSC_0452-HET2.JPG	1.5899658203125
DSC_0761.JPG	5.267333984375
DSC_0288-CV1-TRAMPA.JPG	18.81256103515625
DSC_0064-HET6.JPG	9.5245361328125
DSC_0952.JPG	12.34130859375
DSC_0946.JPG	2.51007080078125
DSC_0065-HET6.JPG	8.6029052734375
DSC_1245.JPG	5.877685546875
DSC_0629.JPG	4.92095947265625
DSC_1251.JPG	5.7891845703125
DSC_1279.JPG	2.29034423828125
DSC_0167.JPG	8.00018310546875
DSC_0601.JPG	8.12530517578125
DSC_0615.JPG	4.3975830078125
DSC_0173.JPG	17.52777099609375
DSC_0198.JPG	3.6895751953125
DSC_1286.JPG	3.5247802734375
DSC_1292.JPG	2.3681640625
DSC_0239-KANT5.JPG	2.734375
DSC_0370-MAP1.JPG	14.3096923828125
DSC_0010-KANT1.JPG	14.08843994140625
DSC_0359.JPG	20.3857421875
DSC_0218-KANT4.JPG	2.5390625
DSC_1047.JPG	14.11590576171875
DSC_1053.JPG	5.621337890625
DSC_0321-KATP3.JPG	10.9619140625
DSC_0403.JPG	8.87451171875
DSC_0365.JPG	4.3853759765625
DSC_0046-KANT3.JPG	10.1409912109375
DSC_0371.JPG	4.5013427734375
DSC_0417.JPG	15.4998779296875
DSC_0243-KANT5.JPG	9.74884033203125
DSC_1084.JPG	20.3521728515625
DSC_1090.JPG	17.17681884765625
DSC_0279-MAP1.JPG	1.71661376953125
DSC_0278-MAP1.JPG	2.33917236328125
DSC_1094.JPG	16.058349609375
DSC_1080.JPG	6.134033203125
DSC_0251-MAP2.JPG	7.78656005859375
DSC_1057.JPG	5.09185791015625
DSC_0349.JPG	27.98614501953125
DSC_0281-MAP1.JPG	2.36968994140625
DSC_1043.JPG	13.84124755859375
DSC_0413.JPG	8.38775634765625
DSC_0375.JPG	6.65283203125
DSC_0361.JPG	11.59210205078125
DSC_0407.JPG	9.66949462890625
DSC_1296.JPG	2.1087646484375
DSC_0188.JPG	10.49957275390625
DSC_1282.JPG	1.85546875
DSC_0207-KANT4.JPG	4.33807373046875
DSC_0512-HET6.JPG	6.8359375
DSC_1255.JPG	6.5185546875
DSC_0639.JPG	4.46014404296875
DSC_1241.JPG	5.45196533203125
DSC_1269.JPG	1.30462646484375
DSC_0117-CHT1.JPG	6.22100830078125
DSC_0611.JPG	5.3314208984375
DSC_0605.JPG	6.08062744140625
DSC_0942.JPG	3.47137451171875
DSC_0956.JPG	13.69781494140625
DSC_0237-KATP2.JPG	3.98101806640625
DSC_0759.JPG	3.25164794921875
DSC_0981.JPG	4.19769287109375
DSC_0995.JPG	2.4627685546875
DSC_0765.JPG	11.3037109375
DSC_0353-MAP1.JPG	3.3935546875
DSC_1309.JPG	1.190185546875
DSC_0598.JPG	7.9193115234375
DSC_0263-CV1-TRAMPA.JPG	46.8780517578125
DSC_1123.JPG	3.7567138671875
DSC_0229.JPG	9.57489013671875
DSC_1137.JPG	4.6417236328125
DSC_0567.JPG	2.32391357421875
DSC_0201.JPG	4.6478271484375
DSC_0215.JPG	3.25469970703125
DSC_0573.JPG	9.0484619140625
DSC_0214.JPG	4.0069580078125
DSC_0572.JPG	6.6192626953125
DSC_0566.JPG	2.31170654296875
DSC_0200.JPG	4.08172607421875
DSC_1136.JPG	2.19879150390625
DSC_0228.JPG	9.71832275390625
DSC_1122.JPG	3.9520263671875
DSC_0325-MAP1.JPG	7.9498291015625
DSC_0599.JPG	7.64312744140625
DSC_0324-MAP1.JPG	2.86102294921875
DSC_1308.JPG	1.8157958984375
DSC_0994.JPG	3.13262939453125
DSC_0079-HET6.JPG	2.29949951171875
DSC_0078-HET6.JPG	3.1463623046875
DSC_0980.JPG	5.84869384765625
DSC_0758.JPG	3.5491943359375
DSC_0482-HET4.JPG	16.12701416015625
DSC_0957.JPG	11.09619140625
DSC_0943.JPG	2.75421142578125
DSC_0604.JPG	5.73577880859375
DSC_1268.JPG	2.46124267578125
DSC_0610.JPG	4.80804443359375
DSC_0638.JPG	5.47027587890625
DSC_1240.JPG	3.74755859375
DSC_1254.JPG	6.683349609375
DSC_0444-HET1.JPG	7.95135498046875
DSC_0122-CHT2.JPG	13.16070556640625
DSC_1283.JPG	1.69219970703125
DSC_0471-HET3.JPG	12.3046875
DSC_0189.JPG	10.97259521484375
DSC_1297.JPG	1.44195556640625
DSC_0470-HET3.JPG	2.6885986328125
DSC_0322-CV2-TRAMPA.JPG	25.244140625
DSC_0290-KATP3.JPG	13.4735107421875
DSC_0360.JPG	10.9222412109375
DSC_0264-MAP1.JPG	6.70318603515625
DSC_0406.JPG	9.33990478515625
DSC_0265-MAP1.JPG	6.0943603515625
DSC_0412.JPG	9.22393798828125
DSC_0374.JPG	6.182861328125
DSC_1042.JPG	12.76397705078125
DSC_0294-CV1-TRAMPA.JPG	45.48492431640625
DSC_0348.JPG	31.12335205078125
DSC_1056.JPG	4.5745849609375
DSC_1081.JPG	1.995849609375
DSC_1095.JPG	10.43701171875
DSC_1083.JPG	19.769287109375
DSC_0389.JPG	2.117919921875
DSC_1097.JPG	6.4483642578125
DSC_0250-MAP1.JPG	11.21826171875
DSC_0438.JPG	9.24530029296875
DSC_1040.JPG	15.8050537109375
DSC_1054.JPG	6.01806640625
DSC_0404.JPG	9.06219482421875
DSC_0362.JPG	3.58734130859375
DSC_1068.JPG	9.539794921875
DSC_0376.JPG	10.28594970703125
DSC_0410.JPG	5.46722412109375
DSC_1281.JPG	1.78375244140625
DSC_1295.JPG	2.0599365234375
DSC_0358-MAP1.JPG	3.95355224609375
DSC_0359-MAP1.JPG	3.9276123046875
DSC_1242.JPG	5.00335693359375
DSC_0223-KATP1.JPG	7.4005126953125
DSC_0002-KANT1.JPG	10.1776123046875
DSC_1256.JPG	7.97882080078125
DSC_0606.JPG	6.66656494140625
DSC_0612.JPG	5.5816650390625
DSC_0955.JPG	11.95220947265625
DSC_0218-CHT5.JPG	14.42413330078125
DSC_0248-KANT6.JPG	7.98187255859375
DSC_0941.JPG	4.29229736328125
DSC_0799.JPG	14.6636962890625
DSC_0219-CHT5.JPG	7.8277587890625
DSC_0016-KANT1.JPG	6.04400634765625
DSC_0969.JPG	11.83013916015625
DSC_0996.JPG	2.51007080078125
DSC_0982.JPG	3.5980224609375
DSC_0766.JPG	9.75189208984375
DSC_1134.JPG	2.19879150390625
DSC_1120.JPG	5.029296875
DSC_0558.JPG	5.0628662109375
DSC_0002-CV2-TRAMPA.JPG	39.59503173828125
DSC_0570.JPG	10.16693115234375
DSC_0216.JPG	3.20892333984375
DSC_1108.JPG	8.59375
DSC_0240-KATP2.JPG	4.01763916015625
DSC_0202.JPG	17.21343994140625
DSC_0564.JPG	4.095458984375
DSC_0203.JPG	15.90576171875
DSC_0565.JPG	2.3590087890625
DSC_0571.JPG	6.7779541015625
DSC_1109.JPG	7.183837890625
DSC_0217.JPG	2.6336669921875
DSC_1121.JPG	3.5125732421875
DSC_0559.JPG	4.50592041015625
DSC_0216-KATP1.JPG	5.1727294921875
DSC_1135.JPG	2.1820068359375
DSC_0983.JPG	4.25567626953125
DSC_0997.JPG	12.542724609375
DSC_0366-MAP1.JPG	8.56475830078125
DSC_0968.JPG	16.36199951171875
DSC_0798.JPG	15.82183837890625
DSC_0940.JPG	4.70123291015625
DSC_0040-KANT2.JPG	13.51470947265625
DSC_0954.JPG	12.23297119140625
DSC_0613.JPG	9.3658447265625
DSC_0489-HET4.JPG	1.71051025390625
DSC_0488-HET4.JPG	3.4423828125
DSC_0607.JPG	8.6944580078125
DSC_1257.JPG	2.5390625
DSC_1243.JPG	3.33709716796875
DSC_0073-HET6.JPG	5.05218505859375
DSC_1294.JPG	2.386474609375
DSC_1280.JPG	2.9510498046875
DSC_0377.JPG	8.99200439453125
DSC_1069.JPG	9.52606201171875
DSC_0411.JPG	5.865478515625
DSC_0405.JPG	8.1817626953125
DSC_0363.JPG	3.8177490234375
DSC_1055.JPG	4.571533203125
DSC_0439.JPG	9.4482421875
DSC_1041.JPG	12.76702880859375
DSC_0312-KATP3.JPG	8.80889892578125
DSC_1096.JPG	10.8795166015625
DSC_0388.JPG	2.83966064453125
DSC_0192-KANT4.JPG	4.058837890625
DSC_1082.JPG	2.154541015625
